/*
SQLyog Ultimate v11.11 (64 bit)
MySQL - 5.6.24-log : Database - ry
*********************************************************************
*/

/*!40101 SET NAMES utf8 */;

/*!40101 SET SQL_MODE=''*/;

/*!40014 SET @OLD_UNIQUE_CHECKS=@@UNIQUE_CHECKS, UNIQUE_CHECKS=0 */;
/*!40014 SET @OLD_FOREIGN_KEY_CHECKS=@@FOREIGN_KEY_CHECKS, FOREIGN_KEY_CHECKS=0 */;
/*!40101 SET @OLD_SQL_MODE=@@SQL_MODE, SQL_MODE='NO_AUTO_VALUE_ON_ZERO' */;
/*!40111 SET @OLD_SQL_NOTES=@@SQL_NOTES, SQL_NOTES=0 */;
CREATE DATABASE /*!32312 IF NOT EXISTS*/`ry` /*!40100 DEFAULT CHARACTER SET utf8mb4 */;

USE `ry`;

/*Table structure for table `qrtz_blob_triggers` */

DROP TABLE IF EXISTS `qrtz_blob_triggers`;

CREATE TABLE `qrtz_blob_triggers` (
  `sched_name` varchar(120) NOT NULL,
  `trigger_name` varchar(200) NOT NULL,
  `trigger_group` varchar(200) NOT NULL,
  `blob_data` blob,
  PRIMARY KEY (`sched_name`,`trigger_name`,`trigger_group`),
  CONSTRAINT `qrtz_blob_triggers_ibfk_1` FOREIGN KEY (`sched_name`, `trigger_name`, `trigger_group`) REFERENCES `qrtz_triggers` (`sched_name`, `trigger_name`, `trigger_group`)
) ENGINE=InnoDB DEFAULT CHARSET=utf8;

/*Data for the table `qrtz_blob_triggers` */

/*Table structure for table `qrtz_calendars` */

DROP TABLE IF EXISTS `qrtz_calendars`;

CREATE TABLE `qrtz_calendars` (
  `sched_name` varchar(120) NOT NULL,
  `calendar_name` varchar(200) NOT NULL,
  `calendar` blob NOT NULL,
  PRIMARY KEY (`sched_name`,`calendar_name`)
) ENGINE=InnoDB DEFAULT CHARSET=utf8;

/*Data for the table `qrtz_calendars` */

/*Table structure for table `qrtz_cron_triggers` */

DROP TABLE IF EXISTS `qrtz_cron_triggers`;

CREATE TABLE `qrtz_cron_triggers` (
  `sched_name` varchar(120) NOT NULL,
  `trigger_name` varchar(200) NOT NULL,
  `trigger_group` varchar(200) NOT NULL,
  `cron_expression` varchar(200) NOT NULL,
  `time_zone_id` varchar(80) DEFAULT NULL,
  PRIMARY KEY (`sched_name`,`trigger_name`,`trigger_group`),
  CONSTRAINT `qrtz_cron_triggers_ibfk_1` FOREIGN KEY (`sched_name`, `trigger_name`, `trigger_group`) REFERENCES `qrtz_triggers` (`sched_name`, `trigger_name`, `trigger_group`)
) ENGINE=InnoDB DEFAULT CHARSET=utf8;

/*Data for the table `qrtz_cron_triggers` */

insert  into `qrtz_cron_triggers`(`sched_name`,`trigger_name`,`trigger_group`,`cron_expression`,`time_zone_id`) values ('RuoyiScheduler','__TASK_CLASS_NAME__1','DEFAULT','0/10 * * * * ?','Asia/Shanghai'),('RuoyiScheduler','__TASK_CLASS_NAME__2','DEFAULT','0/20 * * * * ?','Asia/Shanghai');

/*Table structure for table `qrtz_fired_triggers` */

DROP TABLE IF EXISTS `qrtz_fired_triggers`;

CREATE TABLE `qrtz_fired_triggers` (
  `sched_name` varchar(120) NOT NULL,
  `entry_id` varchar(95) NOT NULL,
  `trigger_name` varchar(200) NOT NULL,
  `trigger_group` varchar(200) NOT NULL,
  `instance_name` varchar(200) NOT NULL,
  `fired_time` bigint(13) NOT NULL,
  `sched_time` bigint(13) NOT NULL,
  `priority` int(11) NOT NULL,
  `state` varchar(16) NOT NULL,
  `job_name` varchar(200) DEFAULT NULL,
  `job_group` varchar(200) DEFAULT NULL,
  `is_nonconcurrent` varchar(1) DEFAULT NULL,
  `requests_recovery` varchar(1) DEFAULT NULL,
  PRIMARY KEY (`sched_name`,`entry_id`)
) ENGINE=InnoDB DEFAULT CHARSET=utf8;

/*Data for the table `qrtz_fired_triggers` */

/*Table structure for table `qrtz_job_details` */

DROP TABLE IF EXISTS `qrtz_job_details`;

CREATE TABLE `qrtz_job_details` (
  `sched_name` varchar(120) NOT NULL,
  `job_name` varchar(200) NOT NULL,
  `job_group` varchar(200) NOT NULL,
  `description` varchar(250) DEFAULT NULL,
  `job_class_name` varchar(250) NOT NULL,
  `is_durable` varchar(1) NOT NULL,
  `is_nonconcurrent` varchar(1) NOT NULL,
  `is_update_data` varchar(1) NOT NULL,
  `requests_recovery` varchar(1) NOT NULL,
  `job_data` blob,
  PRIMARY KEY (`sched_name`,`job_name`,`job_group`)
) ENGINE=InnoDB DEFAULT CHARSET=utf8;

/*Data for the table `qrtz_job_details` */

insert  into `qrtz_job_details`(`sched_name`,`job_name`,`job_group`,`description`,`job_class_name`,`is_durable`,`is_nonconcurrent`,`is_update_data`,`requests_recovery`,`job_data`) values ('RuoyiScheduler','__TASK_CLASS_NAME__1','DEFAULT',NULL,'com.ruoyi.project.monitor.job.util.ScheduleJob','0','0','0','0','¬í\0sr\0org.quartz.JobDataMapŸ°ƒè¿©°Ë\0\0xr\0&org.quartz.utils.StringKeyDirtyFlagMap‚èÃûÅ](\0Z\0allowsTransientDataxr\0org.quartz.utils.DirtyFlagMapæ.­(v\nÎ\0Z\0dirtyL\0mapt\0Ljava/util/Map;xpsr\0java.util.HashMapÚÁÃ`Ñ\0F\0\nloadFactorI\0	thresholdxp?@\0\0\0\0\0w\0\0\0\0\0\0t\0__TASK_PROPERTIES__sr\0(com.ruoyi.project.monitor.job.domain.Job\0\0\0\0\0\0\0\0L\0cronExpressiont\0Ljava/lang/String;L\0jobGroupq\0~\0	L\0jobIdt\0Ljava/lang/Long;L\0jobNameq\0~\0	L\0\nmethodNameq\0~\0	L\0methodParamsq\0~\0	L\0\rmisfirePolicyq\0~\0	L\0statusq\0~\0	xr\0)com.ruoyi.framework.web.domain.BaseEntity\0\0\0\0\0\0\0\0L\0createByq\0~\0	L\0\ncreateTimet\0Ljava/util/Date;L\0paramsq\0~\0L\0remarkq\0~\0	L\0searchValueq\0~\0	L\0updateByq\0~\0	L\0\nupdateTimeq\0~\0xpt\0adminsr\0java.util.DatehjKYt\0\0xpw\0\0b,Ş)àxpt\0\0pppt\00/10 * * * * ?t\0ç³»ç»Ÿé»˜è®¤ï¼ˆæ— å‚ï¼‰sr\0java.lang.Long;‹äÌ#ß\0J\0valuexr\0java.lang.Number†¬•”à‹\0\0xp\0\0\0\0\0\0\0t\0ryTaskt\0\nryNoParamst\0\0t\00t\01x\0'),('RuoyiScheduler','__TASK_CLASS_NAME__2','DEFAULT',NULL,'com.ruoyi.project.monitor.job.util.ScheduleJob','0','0','0','0','¬í\0sr\0org.quartz.JobDataMapŸ°ƒè¿©°Ë\0\0xr\0&org.quartz.utils.StringKeyDirtyFlagMap‚èÃûÅ](\0Z\0allowsTransientDataxr\0org.quartz.utils.DirtyFlagMapæ.­(v\nÎ\0Z\0dirtyL\0mapt\0Ljava/util/Map;xpsr\0java.util.HashMapÚÁÃ`Ñ\0F\0\nloadFactorI\0	thresholdxp?@\0\0\0\0\0w\0\0\0\0\0\0t\0__TASK_PROPERTIES__sr\0(com.ruoyi.project.monitor.job.domain.Job\0\0\0\0\0\0\0\0L\0cronExpressiont\0Ljava/lang/String;L\0jobGroupq\0~\0	L\0jobIdt\0Ljava/lang/Long;L\0jobNameq\0~\0	L\0\nmethodNameq\0~\0	L\0methodParamsq\0~\0	L\0\rmisfirePolicyq\0~\0	L\0statusq\0~\0	xr\0)com.ruoyi.framework.web.domain.BaseEntity\0\0\0\0\0\0\0\0L\0createByq\0~\0	L\0\ncreateTimet\0Ljava/util/Date;L\0paramsq\0~\0L\0remarkq\0~\0	L\0searchValueq\0~\0	L\0updateByq\0~\0	L\0\nupdateTimeq\0~\0xpt\0adminsr\0java.util.DatehjKYt\0\0xpw\0\0b,Ş)àxpt\0\0pppt\00/20 * * * * ?t\0ç³»ç»Ÿé»˜è®¤ï¼ˆæœ‰å‚ï¼‰sr\0java.lang.Long;‹äÌ#ß\0J\0valuexr\0java.lang.Number†¬•”à‹\0\0xp\0\0\0\0\0\0\0t\0ryTaskt\0ryParamst\0ryt\00t\01x\0');

/*Table structure for table `qrtz_locks` */

DROP TABLE IF EXISTS `qrtz_locks`;

CREATE TABLE `qrtz_locks` (
  `sched_name` varchar(120) NOT NULL,
  `lock_name` varchar(40) NOT NULL,
  PRIMARY KEY (`sched_name`,`lock_name`)
) ENGINE=InnoDB DEFAULT CHARSET=utf8;

/*Data for the table `qrtz_locks` */

insert  into `qrtz_locks`(`sched_name`,`lock_name`) values ('RuoyiScheduler','STATE_ACCESS'),('RuoyiScheduler','TRIGGER_ACCESS');

/*Table structure for table `qrtz_paused_trigger_grps` */

DROP TABLE IF EXISTS `qrtz_paused_trigger_grps`;

CREATE TABLE `qrtz_paused_trigger_grps` (
  `sched_name` varchar(120) NOT NULL,
  `trigger_group` varchar(200) NOT NULL,
  PRIMARY KEY (`sched_name`,`trigger_group`)
) ENGINE=InnoDB DEFAULT CHARSET=utf8;

/*Data for the table `qrtz_paused_trigger_grps` */

/*Table structure for table `qrtz_scheduler_state` */

DROP TABLE IF EXISTS `qrtz_scheduler_state`;

CREATE TABLE `qrtz_scheduler_state` (
  `sched_name` varchar(120) NOT NULL,
  `instance_name` varchar(200) NOT NULL,
  `last_checkin_time` bigint(13) NOT NULL,
  `checkin_interval` bigint(13) NOT NULL,
  PRIMARY KEY (`sched_name`,`instance_name`)
) ENGINE=InnoDB DEFAULT CHARSET=utf8;

/*Data for the table `qrtz_scheduler_state` */

insert  into `qrtz_scheduler_state`(`sched_name`,`instance_name`,`last_checkin_time`,`checkin_interval`) values ('RuoyiScheduler','EDZ-20170614ZLI1533795621103',1533795729996,15000);

/*Table structure for table `qrtz_simple_triggers` */

DROP TABLE IF EXISTS `qrtz_simple_triggers`;

CREATE TABLE `qrtz_simple_triggers` (
  `sched_name` varchar(120) NOT NULL,
  `trigger_name` varchar(200) NOT NULL,
  `trigger_group` varchar(200) NOT NULL,
  `repeat_count` bigint(7) NOT NULL,
  `repeat_interval` bigint(12) NOT NULL,
  `times_triggered` bigint(10) NOT NULL,
  PRIMARY KEY (`sched_name`,`trigger_name`,`trigger_group`),
  CONSTRAINT `qrtz_simple_triggers_ibfk_1` FOREIGN KEY (`sched_name`, `trigger_name`, `trigger_group`) REFERENCES `qrtz_triggers` (`sched_name`, `trigger_name`, `trigger_group`)
) ENGINE=InnoDB DEFAULT CHARSET=utf8;

/*Data for the table `qrtz_simple_triggers` */

/*Table structure for table `qrtz_simprop_triggers` */

DROP TABLE IF EXISTS `qrtz_simprop_triggers`;

CREATE TABLE `qrtz_simprop_triggers` (
  `sched_name` varchar(120) NOT NULL,
  `trigger_name` varchar(200) NOT NULL,
  `trigger_group` varchar(200) NOT NULL,
  `str_prop_1` varchar(512) DEFAULT NULL,
  `str_prop_2` varchar(512) DEFAULT NULL,
  `str_prop_3` varchar(512) DEFAULT NULL,
  `int_prop_1` int(11) DEFAULT NULL,
  `int_prop_2` int(11) DEFAULT NULL,
  `long_prop_1` bigint(20) DEFAULT NULL,
  `long_prop_2` bigint(20) DEFAULT NULL,
  `dec_prop_1` decimal(13,4) DEFAULT NULL,
  `dec_prop_2` decimal(13,4) DEFAULT NULL,
  `bool_prop_1` varchar(1) DEFAULT NULL,
  `bool_prop_2` varchar(1) DEFAULT NULL,
  PRIMARY KEY (`sched_name`,`trigger_name`,`trigger_group`),
  CONSTRAINT `qrtz_simprop_triggers_ibfk_1` FOREIGN KEY (`sched_name`, `trigger_name`, `trigger_group`) REFERENCES `qrtz_triggers` (`sched_name`, `trigger_name`, `trigger_group`)
) ENGINE=InnoDB DEFAULT CHARSET=utf8;

/*Data for the table `qrtz_simprop_triggers` */

/*Table structure for table `qrtz_triggers` */

DROP TABLE IF EXISTS `qrtz_triggers`;

CREATE TABLE `qrtz_triggers` (
  `sched_name` varchar(120) NOT NULL,
  `trigger_name` varchar(200) NOT NULL,
  `trigger_group` varchar(200) NOT NULL,
  `job_name` varchar(200) NOT NULL,
  `job_group` varchar(200) NOT NULL,
  `description` varchar(250) DEFAULT NULL,
  `next_fire_time` bigint(13) DEFAULT NULL,
  `prev_fire_time` bigint(13) DEFAULT NULL,
  `priority` int(11) DEFAULT NULL,
  `trigger_state` varchar(16) NOT NULL,
  `trigger_type` varchar(8) NOT NULL,
  `start_time` bigint(13) NOT NULL,
  `end_time` bigint(13) DEFAULT NULL,
  `calendar_name` varchar(200) DEFAULT NULL,
  `misfire_instr` smallint(2) DEFAULT NULL,
  `job_data` blob,
  PRIMARY KEY (`sched_name`,`trigger_name`,`trigger_group`),
  KEY `sched_name` (`sched_name`,`job_name`,`job_group`),
  CONSTRAINT `qrtz_triggers_ibfk_1` FOREIGN KEY (`sched_name`, `job_name`, `job_group`) REFERENCES `qrtz_job_details` (`sched_name`, `job_name`, `job_group`)
) ENGINE=InnoDB DEFAULT CHARSET=utf8;

/*Data for the table `qrtz_triggers` */

insert  into `qrtz_triggers`(`sched_name`,`trigger_name`,`trigger_group`,`job_name`,`job_group`,`description`,`next_fire_time`,`prev_fire_time`,`priority`,`trigger_state`,`trigger_type`,`start_time`,`end_time`,`calendar_name`,`misfire_instr`,`job_data`) values ('RuoyiScheduler','__TASK_CLASS_NAME__1','DEFAULT','__TASK_CLASS_NAME__1','DEFAULT',NULL,1533739130000,-1,5,'PAUSED','CRON',1533739125000,0,NULL,0,'¬í\0sr\0org.quartz.JobDataMapŸ°ƒè¿©°Ë\0\0xr\0&org.quartz.utils.StringKeyDirtyFlagMap‚èÃûÅ](\0Z\0allowsTransientDataxr\0org.quartz.utils.DirtyFlagMapæ.­(v\nÎ\0Z\0dirtyL\0mapt\0Ljava/util/Map;xpsr\0java.util.HashMapÚÁÃ`Ñ\0F\0\nloadFactorI\0	thresholdxp?@\0\0\0\0\0w\0\0\0\0\0\0t\0__TASK_PROPERTIES__sr\0(com.ruoyi.project.monitor.job.domain.Job\0\0\0\0\0\0\0\0L\0cronExpressiont\0Ljava/lang/String;L\0jobGroupq\0~\0	L\0jobIdt\0Ljava/lang/Long;L\0jobNameq\0~\0	L\0\nmethodNameq\0~\0	L\0methodParamsq\0~\0	L\0\rmisfirePolicyq\0~\0	L\0statusq\0~\0	xr\0)com.ruoyi.framework.web.domain.BaseEntity\0\0\0\0\0\0\0\0L\0createByq\0~\0	L\0\ncreateTimet\0Ljava/util/Date;L\0paramsq\0~\0L\0remarkq\0~\0	L\0searchValueq\0~\0	L\0updateByq\0~\0	L\0\nupdateTimeq\0~\0xpt\0adminsr\0java.util.DatehjKYt\0\0xpw\0\0b,Ş)àxpt\0\0pppt\00/10 * * * * ?t\0ç³»ç»Ÿé»˜è®¤ï¼ˆæ— å‚ï¼‰sr\0java.lang.Long;‹äÌ#ß\0J\0valuexr\0java.lang.Number†¬•”à‹\0\0xp\0\0\0\0\0\0\0t\0ryTaskt\0\nryNoParamst\0\0t\00t\01x\0'),('RuoyiScheduler','__TASK_CLASS_NAME__2','DEFAULT','__TASK_CLASS_NAME__2','DEFAULT',NULL,1533739140000,-1,5,'PAUSED','CRON',1533739125000,0,NULL,0,'¬í\0sr\0org.quartz.JobDataMapŸ°ƒè¿©°Ë\0\0xr\0&org.quartz.utils.StringKeyDirtyFlagMap‚èÃûÅ](\0Z\0allowsTransientDataxr\0org.quartz.utils.DirtyFlagMapæ.­(v\nÎ\0Z\0dirtyL\0mapt\0Ljava/util/Map;xpsr\0java.util.HashMapÚÁÃ`Ñ\0F\0\nloadFactorI\0	thresholdxp?@\0\0\0\0\0w\0\0\0\0\0\0t\0__TASK_PROPERTIES__sr\0(com.ruoyi.project.monitor.job.domain.Job\0\0\0\0\0\0\0\0L\0cronExpressiont\0Ljava/lang/String;L\0jobGroupq\0~\0	L\0jobIdt\0Ljava/lang/Long;L\0jobNameq\0~\0	L\0\nmethodNameq\0~\0	L\0methodParamsq\0~\0	L\0\rmisfirePolicyq\0~\0	L\0statusq\0~\0	xr\0)com.ruoyi.framework.web.domain.BaseEntity\0\0\0\0\0\0\0\0L\0createByq\0~\0	L\0\ncreateTimet\0Ljava/util/Date;L\0paramsq\0~\0L\0remarkq\0~\0	L\0searchValueq\0~\0	L\0updateByq\0~\0	L\0\nupdateTimeq\0~\0xpt\0adminsr\0java.util.DatehjKYt\0\0xpw\0\0b,Ş)àxpt\0\0pppt\00/20 * * * * ?t\0ç³»ç»Ÿé»˜è®¤ï¼ˆæœ‰å‚ï¼‰sr\0java.lang.Long;‹äÌ#ß\0J\0valuexr\0java.lang.Number†¬•”à‹\0\0xp\0\0\0\0\0\0\0t\0ryTaskt\0ryParamst\0ryt\00t\01x\0');

/*Table structure for table `sys_config` */

DROP TABLE IF EXISTS `sys_config`;

CREATE TABLE `sys_config` (
  `config_id` int(5) NOT NULL AUTO_INCREMENT COMMENT 'å‚æ•°ä¸»é”®',
  `config_name` varchar(100) DEFAULT '' COMMENT 'å‚æ•°åç§°',
  `config_key` varchar(100) DEFAULT '' COMMENT 'å‚æ•°é”®å',
  `config_value` varchar(100) DEFAULT '' COMMENT 'å‚æ•°é”®å€¼',
  `config_type` char(1) DEFAULT 'N' COMMENT 'ç³»ç»Ÿå†…ç½®ï¼ˆYæ˜¯ Nå¦ï¼‰',
  `create_by` varchar(64) DEFAULT '' COMMENT 'åˆ›å»ºè€…',
  `create_time` datetime DEFAULT NULL COMMENT 'åˆ›å»ºæ—¶é—´',
  `update_by` varchar(64) DEFAULT '' COMMENT 'æ›´æ–°è€…',
  `update_time` datetime DEFAULT NULL COMMENT 'æ›´æ–°æ—¶é—´',
  `remark` varchar(500) DEFAULT '' COMMENT 'å¤‡æ³¨',
  PRIMARY KEY (`config_id`)
) ENGINE=InnoDB AUTO_INCREMENT=3 DEFAULT CHARSET=utf8 COMMENT='å‚æ•°é…ç½®è¡¨';

/*Data for the table `sys_config` */

insert  into `sys_config`(`config_id`,`config_name`,`config_key`,`config_value`,`config_type`,`create_by`,`create_time`,`update_by`,`update_time`,`remark`) values (1,'ä¸»æ¡†æ¶é¡µ-é»˜è®¤çš®è‚¤æ ·å¼åç§°','sys.index.skinName','skin-default','Y','admin','2018-03-16 11:33:00','admin','2018-08-09 11:40:37','é»˜è®¤ skin-defaultã€è“è‰² skin-blueã€é»„è‰² skin-yellow'),(2,'ç”¨æˆ·ç®¡ç†-è´¦å·åˆå§‹å¯†ç ','sys.user.initPassword','123456','Y','admin','2018-03-16 11:33:00','ry','2018-03-16 11:33:00','åˆå§‹åŒ–å¯†ç  123456');

/*Table structure for table `sys_dept` */

DROP TABLE IF EXISTS `sys_dept`;

CREATE TABLE `sys_dept` (
  `dept_id` int(11) NOT NULL AUTO_INCREMENT COMMENT 'éƒ¨é—¨id',
  `parent_id` int(11) DEFAULT '0' COMMENT 'çˆ¶éƒ¨é—¨id',
  `ancestors` varchar(50) DEFAULT '' COMMENT 'ç¥–çº§åˆ—è¡¨',
  `dept_name` varchar(30) DEFAULT '' COMMENT 'éƒ¨é—¨åç§°',
  `order_num` int(4) DEFAULT '0' COMMENT 'æ˜¾ç¤ºé¡ºåº',
  `leader` varchar(20) DEFAULT '' COMMENT 'è´Ÿè´£äºº',
  `phone` varchar(11) DEFAULT '' COMMENT 'è”ç³»ç”µè¯',
  `email` varchar(50) DEFAULT '' COMMENT 'é‚®ç®±',
  `status` char(1) DEFAULT '0' COMMENT 'éƒ¨é—¨çŠ¶æ€ï¼ˆ0æ­£å¸¸ 1åœç”¨ï¼‰',
  `create_by` varchar(64) DEFAULT '' COMMENT 'åˆ›å»ºè€…',
  `create_time` datetime DEFAULT NULL COMMENT 'åˆ›å»ºæ—¶é—´',
  `update_by` varchar(64) DEFAULT '' COMMENT 'æ›´æ–°è€…',
  `update_time` datetime DEFAULT NULL COMMENT 'æ›´æ–°æ—¶é—´',
  PRIMARY KEY (`dept_id`)
) ENGINE=InnoDB AUTO_INCREMENT=110 DEFAULT CHARSET=utf8 COMMENT='éƒ¨é—¨è¡¨';

/*Data for the table `sys_dept` */

insert  into `sys_dept`(`dept_id`,`parent_id`,`ancestors`,`dept_name`,`order_num`,`leader`,`phone`,`email`,`status`,`create_by`,`create_time`,`update_by`,`update_time`) values (100,0,'0','è‹¥ä¾é›†å›¢',0,'è‹¥ä¾','15888888888','ry@qq.com','0','admin','2018-03-16 11:33:00','ry','2018-03-16 11:33:00'),(101,100,'0,100','ç ”å‘éƒ¨é—¨',1,'è‹¥ä¾','15888888888','ry@qq.com','0','admin','2018-03-16 11:33:00','ry','2018-03-16 11:33:00'),(102,100,'0,100','å¸‚åœºéƒ¨é—¨',2,'è‹¥ä¾','15888888888','ry@qq.com','0','admin','2018-03-16 11:33:00','ry','2018-03-16 11:33:00'),(103,100,'0,100','æµ‹è¯•éƒ¨é—¨',3,'è‹¥ä¾','15888888888','ry@qq.com','0','admin','2018-03-16 11:33:00','ry','2018-03-16 11:33:00'),(104,100,'0,100','è´¢åŠ¡éƒ¨é—¨',4,'è‹¥ä¾','15888888888','ry@qq.com','0','admin','2018-03-16 11:33:00','ry','2018-03-16 11:33:00'),(105,100,'0,100','è¿ç»´éƒ¨é—¨',5,'è‹¥ä¾','15888888888','ry@qq.com','0','admin','2018-03-16 11:33:00','ry','2018-03-16 11:33:00'),(106,101,'0,100,101','ç ”å‘ä¸€éƒ¨',1,'è‹¥ä¾','15888888888','ry@qq.com','0','admin','2018-03-16 11:33:00','ry','2018-03-16 11:33:00'),(107,101,'0,100,101','ç ”å‘äºŒéƒ¨',2,'è‹¥ä¾','15888888888','ry@qq.com','0','admin','2018-03-16 11:33:00','ry','2018-03-16 11:33:00'),(108,102,'0,100,102','å¸‚åœºä¸€éƒ¨',1,'è‹¥ä¾','15888888888','ry@qq.com','0','admin','2018-03-16 11:33:00','ry','2018-03-16 11:33:00'),(109,102,'0,100,102','å¸‚åœºäºŒéƒ¨',2,'è‹¥ä¾','15888888888','ry@qq.com','1','admin','2018-03-16 11:33:00','ry','2018-03-16 11:33:00');

/*Table structure for table `sys_dict_data` */

DROP TABLE IF EXISTS `sys_dict_data`;

CREATE TABLE `sys_dict_data` (
  `dict_code` int(11) NOT NULL AUTO_INCREMENT COMMENT 'å­—å…¸ç¼–ç ',
  `dict_sort` int(4) DEFAULT '0' COMMENT 'å­—å…¸æ’åº',
  `dict_label` varchar(100) DEFAULT '' COMMENT 'å­—å…¸æ ‡ç­¾',
  `dict_value` varchar(100) DEFAULT '' COMMENT 'å­—å…¸é”®å€¼',
  `dict_type` varchar(100) DEFAULT '' COMMENT 'å­—å…¸ç±»å‹',
  `css_class` varchar(500) DEFAULT '' COMMENT 'æ ·å¼å±æ€§',
  `list_class` varchar(500) DEFAULT '' COMMENT 'å›æ˜¾æ ·å¼',
  `is_default` char(1) DEFAULT 'N' COMMENT 'æ˜¯å¦é»˜è®¤ï¼ˆYæ˜¯ Nå¦ï¼‰',
  `status` char(1) DEFAULT '0' COMMENT 'çŠ¶æ€ï¼ˆ0æ­£å¸¸ 1åœç”¨ï¼‰',
  `create_by` varchar(64) DEFAULT '' COMMENT 'åˆ›å»ºè€…',
  `create_time` datetime DEFAULT NULL COMMENT 'åˆ›å»ºæ—¶é—´',
  `update_by` varchar(64) DEFAULT '' COMMENT 'æ›´æ–°è€…',
  `update_time` datetime DEFAULT NULL COMMENT 'æ›´æ–°æ—¶é—´',
  `remark` varchar(500) DEFAULT '' COMMENT 'å¤‡æ³¨',
  PRIMARY KEY (`dict_code`)
) ENGINE=InnoDB AUTO_INCREMENT=26 DEFAULT CHARSET=utf8 COMMENT='å­—å…¸æ•°æ®è¡¨';

/*Data for the table `sys_dict_data` */

insert  into `sys_dict_data`(`dict_code`,`dict_sort`,`dict_label`,`dict_value`,`dict_type`,`css_class`,`list_class`,`is_default`,`status`,`create_by`,`create_time`,`update_by`,`update_time`,`remark`) values (1,1,'ç”·','0','sys_user_sex','','','Y','0','admin','2018-03-16 11:33:00','ry','2018-03-16 11:33:00','æ€§åˆ«ç”·'),(2,2,'å¥³','1','sys_user_sex','','','N','0','admin','2018-03-16 11:33:00','ry','2018-03-16 11:33:00','æ€§åˆ«å¥³'),(3,3,'æœªçŸ¥','2','sys_user_sex','','','N','0','admin','2018-03-16 11:33:00','ry','2018-03-16 11:33:00','æ€§åˆ«æœªçŸ¥'),(4,1,'æ˜¾ç¤º','0','sys_show_hide','radio radio-info radio-inline','primary','Y','0','admin','2018-03-16 11:33:00','ry','2018-03-16 11:33:00','æ˜¾ç¤ºèœå•'),(5,2,'éšè—','1','sys_show_hide','radio radio-danger radio-inline','danger','N','0','admin','2018-03-16 11:33:00','ry','2018-03-16 11:33:00','éšè—èœå•'),(6,1,'æ­£å¸¸','0','sys_normal_disable','radio radio-info radio-inline','primary','Y','0','admin','2018-03-16 11:33:00','ry','2018-03-16 11:33:00','æ­£å¸¸çŠ¶æ€'),(7,2,'åœç”¨','1','sys_normal_disable','radio radio-danger radio-inline','danger','N','0','admin','2018-03-16 11:33:00','ry','2018-03-16 11:33:00','åœç”¨çŠ¶æ€'),(8,1,'æ­£å¸¸','0','sys_job_status','radio radio-info radio-inline','primary','Y','0','admin','2018-03-16 11:33:00','ry','2018-03-16 11:33:00','æ­£å¸¸çŠ¶æ€'),(9,2,'æš‚åœ','1','sys_job_status','radio radio-danger radio-inline','danger','N','0','admin','2018-03-16 11:33:00','ry','2018-03-16 11:33:00','åœç”¨çŠ¶æ€'),(10,1,'æ˜¯','Y','sys_yes_no','radio radio-info radio-inline','primary','Y','0','admin','2018-03-16 11:33:00','ry','2018-03-16 11:33:00','ç³»ç»Ÿé»˜è®¤æ˜¯'),(11,2,'å¦','N','sys_yes_no','radio radio-danger radio-inline','danger','N','0','admin','2018-03-16 11:33:00','ry','2018-03-16 11:33:00','ç³»ç»Ÿé»˜è®¤å¦'),(12,1,'é€šçŸ¥','1','sys_notice_type','','warning','Y','0','admin','2018-03-16 11:33:00','ry','2018-03-16 11:33:00','é€šçŸ¥'),(13,2,'å…¬å‘Š','2','sys_notice_type','','success','N','0','admin','2018-03-16 11:33:00','ry','2018-03-16 11:33:00','å…¬å‘Š'),(14,1,'æ­£å¸¸','0','sys_notice_status','radio radio-info radio-inline','primary','Y','0','admin','2018-03-16 11:33:00','ry','2018-03-16 11:33:00','æ­£å¸¸çŠ¶æ€'),(15,2,'å…³é—­','1','sys_notice_status','radio radio-danger radio-inline','danger','N','0','admin','2018-03-16 11:33:00','ry','2018-03-16 11:33:00','å…³é—­çŠ¶æ€'),(16,1,'æ–°å¢','1','sys_oper_type','','info','N','0','admin','2018-03-16 11:33:00','ry','2018-03-16 11:33:00','æ–°å¢æ“ä½œ'),(17,2,'ä¿®æ”¹','2','sys_oper_type','','info','N','0','admin','2018-03-16 11:33:00','ry','2018-03-16 11:33:00','æ–°å¢æ“ä½œ'),(18,3,'åˆ é™¤','3','sys_oper_type','','danger','N','0','admin','2018-03-16 11:33:00','ry','2018-03-16 11:33:00','æ–°å¢æ“ä½œ'),(19,4,'æˆæƒ','4','sys_oper_type','','primary','N','0','admin','2018-03-16 11:33:00','ry','2018-03-16 11:33:00','æ–°å¢æ“ä½œ'),(20,5,'å¯¼å‡º','5','sys_oper_type','','warning','N','0','admin','2018-03-16 11:33:00','ry','2018-03-16 11:33:00','æ–°å¢æ“ä½œ'),(21,6,'å¯¼å…¥','6','sys_oper_type','','warning','N','0','admin','2018-03-16 11:33:00','ry','2018-03-16 11:33:00','æ–°å¢æ“ä½œ'),(22,7,'å¼ºé€€','7','sys_oper_type','','danger','N','0','admin','2018-03-16 11:33:00','ry','2018-03-16 11:33:00','æ–°å¢æ“ä½œ'),(23,8,'ç”Ÿæˆä»£ç ','8','sys_oper_type','','warning','N','0','admin','2018-03-16 11:33:00','ry','2018-03-16 11:33:00','æ–°å¢æ“ä½œ'),(24,1,'æˆåŠŸ','0','sys_common_status','','primary','N','0','admin','2018-03-16 11:33:00','ry','2018-03-16 11:33:00','æ­£å¸¸çŠ¶æ€'),(25,2,'å¤±è´¥','1','sys_common_status','','danger','N','0','admin','2018-03-16 11:33:00','ry','2018-03-16 11:33:00','åœç”¨çŠ¶æ€');

/*Table structure for table `sys_dict_type` */

DROP TABLE IF EXISTS `sys_dict_type`;

CREATE TABLE `sys_dict_type` (
  `dict_id` int(11) NOT NULL AUTO_INCREMENT COMMENT 'å­—å…¸ä¸»é”®',
  `dict_name` varchar(100) DEFAULT '' COMMENT 'å­—å…¸åç§°',
  `dict_type` varchar(100) DEFAULT '' COMMENT 'å­—å…¸ç±»å‹',
  `status` char(1) DEFAULT '0' COMMENT 'çŠ¶æ€ï¼ˆ0æ­£å¸¸ 1åœç”¨ï¼‰',
  `create_by` varchar(64) DEFAULT '' COMMENT 'åˆ›å»ºè€…',
  `create_time` datetime DEFAULT NULL COMMENT 'åˆ›å»ºæ—¶é—´',
  `update_by` varchar(64) DEFAULT '' COMMENT 'æ›´æ–°è€…',
  `update_time` datetime DEFAULT NULL COMMENT 'æ›´æ–°æ—¶é—´',
  `remark` varchar(500) DEFAULT '' COMMENT 'å¤‡æ³¨',
  PRIMARY KEY (`dict_id`),
  UNIQUE KEY `dict_type` (`dict_type`)
) ENGINE=InnoDB AUTO_INCREMENT=10 DEFAULT CHARSET=utf8 COMMENT='å­—å…¸ç±»å‹è¡¨';

/*Data for the table `sys_dict_type` */

insert  into `sys_dict_type`(`dict_id`,`dict_name`,`dict_type`,`status`,`create_by`,`create_time`,`update_by`,`update_time`,`remark`) values (1,'ç”¨æˆ·æ€§åˆ«','sys_user_sex','0','admin','2018-03-16 11:33:00','ry','2018-03-16 11:33:00','ç”¨æˆ·æ€§åˆ«åˆ—è¡¨'),(2,'èœå•çŠ¶æ€','sys_show_hide','0','admin','2018-03-16 11:33:00','ry','2018-03-16 11:33:00','èœå•çŠ¶æ€åˆ—è¡¨'),(3,'ç³»ç»Ÿå¼€å…³','sys_normal_disable','0','admin','2018-03-16 11:33:00','ry','2018-03-16 11:33:00','ç³»ç»Ÿå¼€å…³åˆ—è¡¨'),(4,'ä»»åŠ¡çŠ¶æ€','sys_job_status','0','admin','2018-03-16 11:33:00','ry','2018-03-16 11:33:00','ä»»åŠ¡çŠ¶æ€åˆ—è¡¨'),(5,'ç³»ç»Ÿæ˜¯å¦','sys_yes_no','0','admin','2018-03-16 11:33:00','ry','2018-03-16 11:33:00','ç³»ç»Ÿæ˜¯å¦åˆ—è¡¨'),(6,'é€šçŸ¥ç±»å‹','sys_notice_type','0','admin','2018-03-16 11:33:00','ry','2018-03-16 11:33:00','é€šçŸ¥ç±»å‹åˆ—è¡¨'),(7,'é€šçŸ¥çŠ¶æ€','sys_notice_status','0','admin','2018-03-16 11:33:00','ry','2018-03-16 11:33:00','é€šçŸ¥çŠ¶æ€åˆ—è¡¨'),(8,'æ“ä½œç±»å‹','sys_oper_type','0','admin','2018-03-16 11:33:00','ry','2018-03-16 11:33:00','æ“ä½œç±»å‹åˆ—è¡¨'),(9,'ç³»ç»ŸçŠ¶æ€','sys_common_status','0','admin','2018-03-16 11:33:00','ry','2018-03-16 11:33:00','ç™»å½•çŠ¶æ€åˆ—è¡¨');

/*Table structure for table `sys_job` */

DROP TABLE IF EXISTS `sys_job`;

CREATE TABLE `sys_job` (
  `job_id` int(11) NOT NULL AUTO_INCREMENT COMMENT 'ä»»åŠ¡ID',
  `job_name` varchar(64) NOT NULL DEFAULT '' COMMENT 'ä»»åŠ¡åç§°',
  `job_group` varchar(64) NOT NULL DEFAULT '' COMMENT 'ä»»åŠ¡ç»„å',
  `method_name` varchar(500) DEFAULT '' COMMENT 'ä»»åŠ¡æ–¹æ³•',
  `method_params` varchar(200) DEFAULT '' COMMENT 'æ–¹æ³•å‚æ•°',
  `cron_expression` varchar(255) DEFAULT '' COMMENT 'cronæ‰§è¡Œè¡¨è¾¾å¼',
  `misfire_policy` varchar(20) DEFAULT '0' COMMENT 'è®¡åˆ’æ‰§è¡Œé”™è¯¯ç­–ç•¥ï¼ˆ0é»˜è®¤ 1ç»§ç»­ 2ç­‰å¾… 3æ”¾å¼ƒï¼‰',
  `status` char(1) DEFAULT '0' COMMENT 'çŠ¶æ€ï¼ˆ0æ­£å¸¸ 1æš‚åœï¼‰',
  `create_by` varchar(64) DEFAULT '' COMMENT 'åˆ›å»ºè€…',
  `create_time` datetime DEFAULT NULL COMMENT 'åˆ›å»ºæ—¶é—´',
  `update_by` varchar(64) DEFAULT '' COMMENT 'æ›´æ–°è€…',
  `update_time` datetime DEFAULT NULL COMMENT 'æ›´æ–°æ—¶é—´',
  `remark` varchar(500) DEFAULT '' COMMENT 'å¤‡æ³¨ä¿¡æ¯',
  PRIMARY KEY (`job_id`,`job_name`,`job_group`)
) ENGINE=InnoDB AUTO_INCREMENT=3 DEFAULT CHARSET=utf8 COMMENT='å®šæ—¶ä»»åŠ¡è°ƒåº¦è¡¨';

/*Data for the table `sys_job` */

insert  into `sys_job`(`job_id`,`job_name`,`job_group`,`method_name`,`method_params`,`cron_expression`,`misfire_policy`,`status`,`create_by`,`create_time`,`update_by`,`update_time`,`remark`) values (1,'ryTask','ç³»ç»Ÿé»˜è®¤ï¼ˆæ— å‚ï¼‰','ryNoParams','','0/10 * * * * ?','0','1','admin','2018-03-16 11:33:00','ry','2018-03-16 11:33:00',''),(2,'ryTask','ç³»ç»Ÿé»˜è®¤ï¼ˆæœ‰å‚ï¼‰','ryParams','ry','0/20 * * * * ?','0','1','admin','2018-03-16 11:33:00','ry','2018-03-16 11:33:00','');

/*Table structure for table `sys_job_log` */

DROP TABLE IF EXISTS `sys_job_log`;

CREATE TABLE `sys_job_log` (
  `job_log_id` int(11) NOT NULL AUTO_INCREMENT COMMENT 'ä»»åŠ¡æ—¥å¿—ID',
  `job_name` varchar(64) NOT NULL COMMENT 'ä»»åŠ¡åç§°',
  `job_group` varchar(64) NOT NULL COMMENT 'ä»»åŠ¡ç»„å',
  `method_name` varchar(500) DEFAULT NULL COMMENT 'ä»»åŠ¡æ–¹æ³•',
  `method_params` varchar(200) DEFAULT '' COMMENT 'æ–¹æ³•å‚æ•°',
  `job_message` varchar(500) DEFAULT NULL COMMENT 'æ—¥å¿—ä¿¡æ¯',
  `status` char(1) DEFAULT '0' COMMENT 'æ‰§è¡ŒçŠ¶æ€ï¼ˆ0æ­£å¸¸ 1å¤±è´¥ï¼‰',
  `exception_info` text COMMENT 'å¼‚å¸¸ä¿¡æ¯',
  `create_time` datetime DEFAULT NULL COMMENT 'åˆ›å»ºæ—¶é—´',
  PRIMARY KEY (`job_log_id`)
) ENGINE=InnoDB DEFAULT CHARSET=utf8 COMMENT='å®šæ—¶ä»»åŠ¡è°ƒåº¦æ—¥å¿—è¡¨';

/*Data for the table `sys_job_log` */

/*Table structure for table `sys_logininfor` */

DROP TABLE IF EXISTS `sys_logininfor`;

CREATE TABLE `sys_logininfor` (
  `info_id` int(11) NOT NULL AUTO_INCREMENT COMMENT 'è®¿é—®ID',
  `login_name` varchar(50) DEFAULT '' COMMENT 'ç™»å½•è´¦å·',
  `ipaddr` varchar(50) DEFAULT '' COMMENT 'ç™»å½•IPåœ°å€',
  `login_location` varchar(255) DEFAULT '' COMMENT 'ç™»å½•åœ°ç‚¹',
  `browser` varchar(50) DEFAULT '' COMMENT 'æµè§ˆå™¨ç±»å‹',
  `os` varchar(50) DEFAULT '' COMMENT 'æ“ä½œç³»ç»Ÿ',
  `status` char(1) DEFAULT '0' COMMENT 'ç™»å½•çŠ¶æ€ï¼ˆ0æˆåŠŸ 1å¤±è´¥ï¼‰',
  `msg` varchar(255) DEFAULT '' COMMENT 'æç¤ºæ¶ˆæ¯',
  `login_time` datetime DEFAULT NULL COMMENT 'è®¿é—®æ—¶é—´',
  PRIMARY KEY (`info_id`)
) ENGINE=InnoDB AUTO_INCREMENT=119 DEFAULT CHARSET=utf8 COMMENT='ç³»ç»Ÿè®¿é—®è®°å½•';

/*Data for the table `sys_logininfor` */

insert  into `sys_logininfor`(`info_id`,`login_name`,`ipaddr`,`login_location`,`browser`,`os`,`status`,`msg`,`login_time`) values (100,'admin','127.0.0.1','XX å†…ç½‘IP','Chrome 49','Windows 7','0','ç™»å½•æˆåŠŸ','2018-08-08 22:41:05'),(101,'admin','127.0.0.1','XX å†…ç½‘IP','Chrome 49','Windows 7','0','é€€å‡ºæˆåŠŸ','2018-08-08 23:40:47'),(102,'admin','127.0.0.1','XX å†…ç½‘IP','Chrome 49','Windows 7','0','ç™»å½•æˆåŠŸ','2018-08-09 00:11:32'),(103,'admin','127.0.0.1','XX å†…ç½‘IP','Chrome 49','Windows 7','0','é€€å‡ºæˆåŠŸ','2018-08-09 00:13:54'),(104,'admin','127.0.0.1','XX å†…ç½‘IP','Chrome 49','Windows 7','1','éªŒè¯ç é”™è¯¯','2018-08-09 00:19:50'),(105,'admin','127.0.0.1','XX å†…ç½‘IP','Chrome 49','Windows 7','0','ç™»å½•æˆåŠŸ','2018-08-09 00:20:14'),(106,'admin','127.0.0.1','XX å†…ç½‘IP','Chrome 49','Windows 7','0','é€€å‡ºæˆåŠŸ','2018-08-09 00:21:32'),(107,'admin','127.0.0.1','XX å†…ç½‘IP','Chrome 49','Windows 7','1','éªŒè¯ç é”™è¯¯','2018-08-09 00:40:40'),(108,'admin','127.0.0.1','XX å†…ç½‘IP','Chrome 49','Windows 7','0','ç™»å½•æˆåŠŸ','2018-08-09 00:40:54'),(109,'admin','127.0.0.1','XX å†…ç½‘IP','Chrome 49','Windows 7','0','é€€å‡ºæˆåŠŸ','2018-08-09 10:00:22'),(110,'rimon','127.0.0.1','XX å†…ç½‘IP','Chrome 49','Windows 7','0','ç™»å½•æˆåŠŸ','2018-08-09 10:00:39'),(111,'rimon','127.0.0.1','XX å†…ç½‘IP','Chrome 49','Windows 7','0','é€€å‡ºæˆåŠŸ','2018-08-09 11:23:48'),(112,'xx','127.0.0.1','XX å†…ç½‘IP','Chrome 49','Windows 7','0','ç™»å½•æˆåŠŸ','2018-08-09 11:28:32'),(113,'xx','127.0.0.1','XX å†…ç½‘IP','Chrome 49','Windows 7','0','é€€å‡ºæˆåŠŸ','2018-08-09 11:34:07'),(114,'admin','127.0.0.1','XX å†…ç½‘IP','Chrome 49','Windows 7','0','ç™»å½•æˆåŠŸ','2018-08-09 11:34:13'),(115,'admin','127.0.0.1','XX å†…ç½‘IP','Chrome 49','Windows 7','0','é€€å‡ºæˆåŠŸ','2018-08-09 11:35:11'),(116,'admin','127.0.0.1','XX å†…ç½‘IP','Chrome 49','Windows 7','0','ç™»å½•æˆåŠŸ','2018-08-09 11:35:21'),(117,'admin','127.0.0.1','XX å†…ç½‘IP','Chrome 49','Windows 7','0','é€€å‡ºæˆåŠŸ','2018-08-09 14:21:37'),(118,'admin','127.0.0.1','XX å†…ç½‘IP','Chrome 49','Windows 7','0','ç™»å½•æˆåŠŸ','2018-08-09 14:21:53');

/*Table structure for table `sys_menu` */

DROP TABLE IF EXISTS `sys_menu`;

CREATE TABLE `sys_menu` (
  `menu_id` int(11) NOT NULL AUTO_INCREMENT COMMENT 'èœå•ID',
  `menu_name` varchar(50) NOT NULL COMMENT 'èœå•åç§°',
  `parent_id` int(11) DEFAULT '0' COMMENT 'çˆ¶èœå•ID',
  `order_num` int(4) DEFAULT NULL COMMENT 'æ˜¾ç¤ºé¡ºåº',
  `url` varchar(200) DEFAULT '' COMMENT 'è¯·æ±‚åœ°å€',
  `menu_type` char(1) DEFAULT '' COMMENT 'èœå•ç±»å‹ï¼ˆMç›®å½• Cèœå• FæŒ‰é’®ï¼‰',
  `visible` char(1) DEFAULT '0' COMMENT 'èœå•çŠ¶æ€ï¼ˆ0æ˜¾ç¤º 1éšè—ï¼‰',
  `perms` varchar(100) DEFAULT '' COMMENT 'æƒé™æ ‡è¯†',
  `icon` varchar(100) DEFAULT '' COMMENT 'èœå•å›¾æ ‡',
  `create_by` varchar(64) DEFAULT '' COMMENT 'åˆ›å»ºè€…',
  `create_time` datetime DEFAULT NULL COMMENT 'åˆ›å»ºæ—¶é—´',
  `update_by` varchar(64) DEFAULT '' COMMENT 'æ›´æ–°è€…',
  `update_time` datetime DEFAULT NULL COMMENT 'æ›´æ–°æ—¶é—´',
  `remark` varchar(500) DEFAULT '' COMMENT 'å¤‡æ³¨',
  PRIMARY KEY (`menu_id`)
) ENGINE=InnoDB AUTO_INCREMENT=1056 DEFAULT CHARSET=utf8 COMMENT='èœå•æƒé™è¡¨';

/*Data for the table `sys_menu` */

insert  into `sys_menu`(`menu_id`,`menu_name`,`parent_id`,`order_num`,`url`,`menu_type`,`visible`,`perms`,`icon`,`create_by`,`create_time`,`update_by`,`update_time`,`remark`) values (1,'ç³»ç»Ÿç®¡ç†',0,1,'#','M','0','','fa fa-gear','admin','2018-03-16 11:33:00','admin','2018-08-08 23:14:25','ç³»ç»Ÿç®¡ç†ç›®å½•'),(2,'ç³»ç»Ÿç›‘æ§',0,2,'#','M','0','','fa fa-video-camera','admin','2018-03-16 11:33:00','admin','2018-08-08 23:14:55','ç³»ç»Ÿç›‘æ§ç›®å½•'),(3,'ç³»ç»Ÿå·¥å…·',0,3,'#','M','0','','fa fa-bars','admin','2018-03-16 11:33:00','ry','2018-03-16 11:33:00','ç³»ç»Ÿå·¥å…·ç›®å½•'),(100,'ç”¨æˆ·ç®¡ç†',1,1,'/system/user','C','0','system:user:view','#','admin','2018-03-16 11:33:00','admin','2018-08-08 23:17:08','ç”¨æˆ·ç®¡ç†èœå•'),(101,'è§’è‰²ç®¡ç†',1,2,'/system/role','C','0','system:role:view','#','admin','2018-03-16 11:33:00','ry','2018-03-16 11:33:00','è§’è‰²ç®¡ç†èœå•'),(102,'èœå•ç®¡ç†',1,3,'/system/menu','C','0','system:menu:view','#','admin','2018-03-16 11:33:00','ry','2018-03-16 11:33:00','èœå•ç®¡ç†èœå•'),(103,'éƒ¨é—¨ç®¡ç†',1,4,'/system/dept','C','0','system:dept:view','#','admin','2018-03-16 11:33:00','ry','2018-03-16 11:33:00','éƒ¨é—¨ç®¡ç†èœå•'),(104,'å²—ä½ç®¡ç†',1,5,'/system/post','C','0','system:post:view','#','admin','2018-03-16 11:33:00','ry','2018-03-16 11:33:00','å²—ä½ç®¡ç†èœå•'),(105,'å­—å…¸ç®¡ç†',1,6,'/system/dict','C','0','system:dict:view','#','admin','2018-03-16 11:33:00','ry','2018-03-16 11:33:00','å­—å…¸ç®¡ç†èœå•'),(106,'å‚æ•°è®¾ç½®',1,7,'/system/config','C','0','system:config:view','#','admin','2018-03-16 11:33:00','ry','2018-03-16 11:33:00','å‚æ•°è®¾ç½®èœå•'),(107,'é€šçŸ¥å…¬å‘Š',1,8,'/system/notice','C','0','system:notice:view','#','admin','2018-03-16 11:33:00','ry','2018-03-16 11:33:00','é€šçŸ¥å…¬å‘Šèœå•'),(108,'æ—¥å¿—ç®¡ç†',1,9,'#','M','0','','#','admin','2018-03-16 11:33:00','ry','2018-03-16 11:33:00','æ—¥å¿—ç®¡ç†èœå•'),(109,'åœ¨çº¿ç”¨æˆ·',2,1,'/monitor/online','C','0','monitor:online:view','#','admin','2018-03-16 11:33:00','ry','2018-03-16 11:33:00','åœ¨çº¿ç”¨æˆ·èœå•'),(110,'å®šæ—¶ä»»åŠ¡',2,2,'/monitor/job','C','0','monitor:job:view','#','admin','2018-03-16 11:33:00','ry','2018-03-16 11:33:00','å®šæ—¶ä»»åŠ¡èœå•'),(111,'æ•°æ®ç›‘æ§',2,3,'/monitor/data','C','0','monitor:data:view','#','admin','2018-03-16 11:33:00','ry','2018-03-16 11:33:00','æ•°æ®ç›‘æ§èœå•'),(112,'è¡¨å•æ„å»º',3,1,'/tool/build','C','0','tool:build:view','#','admin','2018-03-16 11:33:00','ry','2018-03-16 11:33:00','è¡¨å•æ„å»ºèœå•'),(113,'ä»£ç ç”Ÿæˆ',3,2,'/tool/gen','C','0','tool:gen:view','#','admin','2018-03-16 11:33:00','ry','2018-03-16 11:33:00','ä»£ç ç”Ÿæˆèœå•'),(114,'ç³»ç»Ÿæ¥å£',3,3,'/tool/swagger','C','0','tool:swagger:view','#','admin','2018-03-16 11:33:00','ry','2018-03-16 11:33:00','ç³»ç»Ÿæ¥å£èœå•'),(500,'æ“ä½œæ—¥å¿—',108,1,'/monitor/operlog','C','0','monitor:operlog:view','#','admin','2018-03-16 11:33:00','ry','2018-03-16 11:33:00','æ“ä½œæ—¥å¿—èœå•'),(501,'ç™»å½•æ—¥å¿—',108,2,'/monitor/logininfor','C','0','monitor:logininfor:view','#','admin','2018-03-16 11:33:00','ry','2018-03-16 11:33:00','ç™»å½•æ—¥å¿—èœå•'),(1000,'ç”¨æˆ·æŸ¥è¯¢',100,1,'#','F','0','system:user:list','#','admin','2018-03-16 11:33:00','ry','2018-03-16 11:33:00',''),(1001,'ç”¨æˆ·æ–°å¢',100,2,'#','F','0','system:user:add','#','admin','2018-03-16 11:33:00','ry','2018-03-16 11:33:00',''),(1002,'ç”¨æˆ·ä¿®æ”¹',100,3,'#','F','0','system:user:edit','#','admin','2018-03-16 11:33:00','ry','2018-03-16 11:33:00',''),(1003,'ç”¨æˆ·åˆ é™¤',100,4,'#','F','0','system:user:remove','#','admin','2018-03-16 11:33:00','ry','2018-03-16 11:33:00',''),(1004,'ç”¨æˆ·å¯¼å‡º',100,5,'#','F','0','system:user:export','#','admin','2018-03-16 11:33:00','ry','2018-03-16 11:33:00',''),(1005,'é‡ç½®å¯†ç ',100,5,'#','F','0','system:user:resetPwd','#','admin','2018-03-16 11:33:00','ry','2018-03-16 11:33:00',''),(1006,'è§’è‰²æŸ¥è¯¢',101,1,'#','F','0','system:role:list','#','admin','2018-03-16 11:33:00','ry','2018-03-16 11:33:00',''),(1007,'è§’è‰²æ–°å¢',101,2,'#','F','0','system:role:add','#','admin','2018-03-16 11:33:00','ry','2018-03-16 11:33:00',''),(1008,'è§’è‰²ä¿®æ”¹',101,3,'#','F','0','system:role:edit','#','admin','2018-03-16 11:33:00','ry','2018-03-16 11:33:00',''),(1009,'è§’è‰²åˆ é™¤',101,4,'#','F','0','system:role:remove','#','admin','2018-03-16 11:33:00','ry','2018-03-16 11:33:00',''),(1010,'è§’è‰²å¯¼å‡º',101,4,'#','F','0','system:role:export','#','admin','2018-03-16 11:33:00','ry','2018-03-16 11:33:00',''),(1011,'èœå•æŸ¥è¯¢',102,1,'#','F','0','system:menu:list','#','admin','2018-03-16 11:33:00','ry','2018-03-16 11:33:00',''),(1012,'èœå•æ–°å¢',102,2,'#','F','0','system:menu:add','#','admin','2018-03-16 11:33:00','ry','2018-03-16 11:33:00',''),(1013,'èœå•ä¿®æ”¹',102,3,'#','F','0','system:menu:edit','#','admin','2018-03-16 11:33:00','ry','2018-03-16 11:33:00',''),(1014,'èœå•åˆ é™¤',102,4,'#','F','0','system:menu:remove','#','admin','2018-03-16 11:33:00','ry','2018-03-16 11:33:00',''),(1015,'éƒ¨é—¨æŸ¥è¯¢',103,1,'#','F','0','system:dept:list','#','admin','2018-03-16 11:33:00','ry','2018-03-16 11:33:00',''),(1016,'éƒ¨é—¨æ–°å¢',103,2,'#','F','0','system:dept:add','#','admin','2018-03-16 11:33:00','ry','2018-03-16 11:33:00',''),(1017,'éƒ¨é—¨ä¿®æ”¹',103,3,'#','F','0','system:dept:edit','#','admin','2018-03-16 11:33:00','ry','2018-03-16 11:33:00',''),(1018,'éƒ¨é—¨åˆ é™¤',103,4,'#','F','0','system:dept:remove','#','admin','2018-03-16 11:33:00','ry','2018-03-16 11:33:00',''),(1019,'å²—ä½æŸ¥è¯¢',104,1,'#','F','0','system:post:list','#','admin','2018-03-16 11:33:00','ry','2018-03-16 11:33:00',''),(1020,'å²—ä½æ–°å¢',104,2,'#','F','0','system:post:add','#','admin','2018-03-16 11:33:00','ry','2018-03-16 11:33:00',''),(1021,'å²—ä½ä¿®æ”¹',104,3,'#','F','0','system:post:edit','#','admin','2018-03-16 11:33:00','ry','2018-03-16 11:33:00',''),(1022,'å²—ä½åˆ é™¤',104,4,'#','F','0','system:post:remove','#','admin','2018-03-16 11:33:00','ry','2018-03-16 11:33:00',''),(1023,'å²—ä½å¯¼å‡º',104,4,'#','F','0','system:post:export','#','admin','2018-03-16 11:33:00','ry','2018-03-16 11:33:00',''),(1024,'å­—å…¸æŸ¥è¯¢',105,1,'#','F','0','system:dict:list','#','admin','2018-03-16 11:33:00','ry','2018-03-16 11:33:00',''),(1025,'å­—å…¸æ–°å¢',105,2,'#','F','0','system:dict:add','#','admin','2018-03-16 11:33:00','ry','2018-03-16 11:33:00',''),(1026,'å­—å…¸ä¿®æ”¹',105,3,'#','F','0','system:dict:edit','#','admin','2018-03-16 11:33:00','ry','2018-03-16 11:33:00',''),(1027,'å­—å…¸åˆ é™¤',105,4,'#','F','0','system:dict:remove','#','admin','2018-03-16 11:33:00','ry','2018-03-16 11:33:00',''),(1028,'å­—å…¸å¯¼å‡º',105,4,'#','F','0','system:dict:export','#','admin','2018-03-16 11:33:00','ry','2018-03-16 11:33:00',''),(1029,'å‚æ•°æŸ¥è¯¢',106,1,'#','F','0','system:config:list','#','admin','2018-03-16 11:33:00','ry','2018-03-16 11:33:00',''),(1030,'å‚æ•°æ–°å¢',106,2,'#','F','0','system:config:add','#','admin','2018-03-16 11:33:00','ry','2018-03-16 11:33:00',''),(1031,'å‚æ•°ä¿®æ”¹',106,3,'#','F','0','system:config:edit','#','admin','2018-03-16 11:33:00','ry','2018-03-16 11:33:00',''),(1032,'å‚æ•°åˆ é™¤',106,4,'#','F','0','system:config:remove','#','admin','2018-03-16 11:33:00','ry','2018-03-16 11:33:00',''),(1033,'å‚æ•°å¯¼å‡º',106,4,'#','F','0','system:config:export','#','admin','2018-03-16 11:33:00','ry','2018-03-16 11:33:00',''),(1034,'å…¬å‘ŠæŸ¥è¯¢',107,1,'#','F','0','system:notice:list','#','admin','2018-03-16 11:33:00','ry','2018-03-16 11:33:00',''),(1035,'å…¬å‘Šæ–°å¢',107,2,'#','F','0','system:notice:add','#','admin','2018-03-16 11:33:00','ry','2018-03-16 11:33:00',''),(1036,'å…¬å‘Šä¿®æ”¹',107,3,'#','F','0','system:notice:edit','#','admin','2018-03-16 11:33:00','ry','2018-03-16 11:33:00',''),(1037,'å…¬å‘Šåˆ é™¤',107,4,'#','F','0','system:notice:remove','#','admin','2018-03-16 11:33:00','ry','2018-03-16 11:33:00',''),(1038,'æ“ä½œæŸ¥è¯¢',500,1,'#','F','0','monitor:operlog:list','#','admin','2018-03-16 11:33:00','ry','2018-03-16 11:33:00',''),(1039,'æ“ä½œåˆ é™¤',500,2,'#','F','0','monitor:operlog:remove','#','admin','2018-03-16 11:33:00','ry','2018-03-16 11:33:00',''),(1040,'è¯¦ç»†ä¿¡æ¯',500,3,'#','F','0','monitor:operlog:detail','#','admin','2018-03-16 11:33:00','ry','2018-03-16 11:33:00',''),(1041,'æ—¥å¿—å¯¼å‡º',500,3,'#','F','0','monitor:operlog:export','#','admin','2018-03-16 11:33:00','ry','2018-03-16 11:33:00',''),(1042,'ç™»å½•æŸ¥è¯¢',501,1,'#','F','0','monitor:logininfor:list','#','admin','2018-03-16 11:33:00','ry','2018-03-16 11:33:00',''),(1043,'ç™»å½•åˆ é™¤',501,2,'#','F','0','monitor:logininfor:remove','#','admin','2018-03-16 11:33:00','ry','2018-03-16 11:33:00',''),(1044,'æ—¥å¿—å¯¼å‡º',501,2,'#','F','0','monitor:logininfor:export','#','admin','2018-03-16 11:33:00','ry','2018-03-16 11:33:00',''),(1045,'åœ¨çº¿æŸ¥è¯¢',109,1,'#','F','0','monitor:online:list','#','admin','2018-03-16 11:33:00','ry','2018-03-16 11:33:00',''),(1046,'æ‰¹é‡å¼ºé€€',109,2,'#','F','0','monitor:online:batchForceLogout','#','admin','2018-03-16 11:33:00','ry','2018-03-16 11:33:00',''),(1047,'å•æ¡å¼ºé€€',109,3,'#','F','0','monitor:online:forceLogout','#','admin','2018-03-16 11:33:00','ry','2018-03-16 11:33:00',''),(1048,'ä»»åŠ¡æŸ¥è¯¢',110,1,'#','F','0','monitor:job:list','#','admin','2018-03-16 11:33:00','ry','2018-03-16 11:33:00',''),(1049,'ä»»åŠ¡æ–°å¢',110,2,'#','F','0','monitor:job:add','#','admin','2018-03-16 11:33:00','ry','2018-03-16 11:33:00',''),(1050,'ä»»åŠ¡ä¿®æ”¹',110,3,'#','F','0','monitor:job:edit','#','admin','2018-03-16 11:33:00','ry','2018-03-16 11:33:00',''),(1051,'ä»»åŠ¡åˆ é™¤',110,4,'#','F','0','monitor:job:remove','#','admin','2018-03-16 11:33:00','ry','2018-03-16 11:33:00',''),(1052,'çŠ¶æ€ä¿®æ”¹',110,5,'#','F','0','monitor:job:changeStatus','#','admin','2018-03-16 11:33:00','ry','2018-03-16 11:33:00',''),(1053,'ä»»åŠ¡å¯¼å‡º',110,5,'#','F','0','monitor:job:export','#','admin','2018-03-16 11:33:00','ry','2018-03-16 11:33:00',''),(1054,'ç”ŸæˆæŸ¥è¯¢',113,1,'#','F','0','tool:gen:list','#','admin','2018-03-16 11:33:00','ry','2018-03-16 11:33:00',''),(1055,'ç”Ÿæˆä»£ç ',113,2,'#','F','0','tool:gen:code','#','admin','2018-03-16 11:33:00','ry','2018-03-16 11:33:00','');

/*Table structure for table `sys_notice` */

DROP TABLE IF EXISTS `sys_notice`;

CREATE TABLE `sys_notice` (
  `notice_id` int(4) NOT NULL AUTO_INCREMENT COMMENT 'å…¬å‘ŠID',
  `notice_title` varchar(50) NOT NULL COMMENT 'å…¬å‘Šæ ‡é¢˜',
  `notice_type` char(2) NOT NULL COMMENT 'å…¬å‘Šç±»å‹ï¼ˆ1é€šçŸ¥ 2å…¬å‘Šï¼‰',
  `notice_content` varchar(500) NOT NULL COMMENT 'å…¬å‘Šå†…å®¹',
  `status` char(1) DEFAULT '0' COMMENT 'å…¬å‘ŠçŠ¶æ€ï¼ˆ0æ­£å¸¸ 1å…³é—­ï¼‰',
  `create_by` varchar(64) DEFAULT '' COMMENT 'åˆ›å»ºè€…',
  `create_time` datetime DEFAULT NULL COMMENT 'åˆ›å»ºæ—¶é—´',
  `update_by` varchar(64) DEFAULT '' COMMENT 'æ›´æ–°è€…',
  `update_time` datetime DEFAULT NULL COMMENT 'æ›´æ–°æ—¶é—´',
  `remark` varchar(255) DEFAULT '' COMMENT 'å¤‡æ³¨',
  PRIMARY KEY (`notice_id`)
) ENGINE=InnoDB AUTO_INCREMENT=3 DEFAULT CHARSET=utf8 COMMENT='é€šçŸ¥å…¬å‘Šè¡¨';

/*Data for the table `sys_notice` */

insert  into `sys_notice`(`notice_id`,`notice_title`,`notice_type`,`notice_content`,`status`,`create_by`,`create_time`,`update_by`,`update_time`,`remark`) values (1,'æ¸©é¦¨æé†’ï¼š2018-07-01 è‹¥ä¾æ–°ç‰ˆæœ¬å‘å¸ƒå•¦','2','æ–°ç‰ˆæœ¬å†…å®¹','0','admin','2018-03-16 11:33:00','ry','2018-03-16 11:33:00','ç®¡ç†å‘˜'),(2,'ç»´æŠ¤é€šçŸ¥ï¼š2018-07-01 è‹¥ä¾ç³»ç»Ÿå‡Œæ™¨ç»´æŠ¤','1','ç»´æŠ¤å†…å®¹','0','admin','2018-03-16 11:33:00','ry','2018-03-16 11:33:00','ç®¡ç†å‘˜');

/*Table structure for table `sys_oper_log` */

DROP TABLE IF EXISTS `sys_oper_log`;

CREATE TABLE `sys_oper_log` (
  `oper_id` int(11) NOT NULL AUTO_INCREMENT COMMENT 'æ—¥å¿—ä¸»é”®',
  `title` varchar(50) DEFAULT '' COMMENT 'æ¨¡å—æ ‡é¢˜',
  `action` varchar(100) DEFAULT '' COMMENT 'åŠŸèƒ½è¯·æ±‚',
  `method` varchar(100) DEFAULT '' COMMENT 'æ–¹æ³•åç§°',
  `channel` varchar(20) DEFAULT '' COMMENT 'æ¥æºæ¸ é“ï¼ˆmanageåå°ç”¨æˆ· mobileæ‰‹æœºç«¯ç”¨æˆ· otherå…¶å®ƒï¼‰',
  `oper_name` varchar(50) DEFAULT '' COMMENT 'æ“ä½œäººå‘˜',
  `dept_name` varchar(50) DEFAULT '' COMMENT 'éƒ¨é—¨åç§°',
  `oper_url` varchar(255) DEFAULT '' COMMENT 'è¯·æ±‚URL',
  `oper_ip` varchar(30) DEFAULT '' COMMENT 'ä¸»æœºåœ°å€',
  `oper_location` varchar(255) DEFAULT '' COMMENT 'æ“ä½œåœ°ç‚¹',
  `oper_param` varchar(255) DEFAULT '' COMMENT 'è¯·æ±‚å‚æ•°',
  `status` char(1) DEFAULT '0' COMMENT 'æ“ä½œçŠ¶æ€ï¼ˆ0æ­£å¸¸ 1å¼‚å¸¸ï¼‰',
  `error_msg` varchar(2000) DEFAULT '' COMMENT 'é”™è¯¯æ¶ˆæ¯',
  `oper_time` datetime DEFAULT NULL COMMENT 'æ“ä½œæ—¶é—´',
  PRIMARY KEY (`oper_id`)
) ENGINE=InnoDB AUTO_INCREMENT=116 DEFAULT CHARSET=utf8 COMMENT='æ“ä½œæ—¥å¿—è®°å½•';

/*Data for the table `sys_oper_log` */

insert  into `sys_oper_log`(`oper_id`,`title`,`action`,`method`,`channel`,`oper_name`,`dept_name`,`oper_url`,`oper_ip`,`oper_location`,`oper_param`,`status`,`error_msg`,`oper_time`) values (100,'ä¸ªäººä¿¡æ¯','2','com.ruoyi.project.system.user.controller.ProfileController.updateAvatar()','1','admin','ç ”å‘ä¸€éƒ¨','/system/user/profile/updateAvatar','127.0.0.1','XX å†…ç½‘IP','{\"userId\":[\"1\"]}','0',NULL,'2018-08-08 22:42:26'),(101,'èœå•ç®¡ç†','2','com.ruoyi.project.system.menu.controller.MenuController.editSave()','1','admin','ç ”å‘ä¸€éƒ¨','/system/menu/edit','127.0.0.1','XX å†…ç½‘IP','{\"menuId\":[\"1\"],\"parentId\":[\"0\"],\"menuType\":[\"C\"],\"menuName\":[\"ç³»ç»Ÿç®¡ç†\"],\"url\":[\"#\"],\"perms\":[\"\"],\"orderNum\":[\"1\"],\"icon\":[\"fa fa-gear\"],\"visible\":[\"0\"]}','0',NULL,'2018-08-08 23:14:06'),(102,'èœå•ç®¡ç†','2','com.ruoyi.project.system.menu.controller.MenuController.editSave()','1','admin','ç ”å‘ä¸€éƒ¨','/system/menu/edit','127.0.0.1','XX å†…ç½‘IP','{\"menuId\":[\"1\"],\"parentId\":[\"0\"],\"menuType\":[\"M\"],\"menuName\":[\"ç³»ç»Ÿç®¡ç†\"],\"url\":[\"#\"],\"perms\":[\"\"],\"orderNum\":[\"1\"],\"icon\":[\"fa fa-gear\"],\"visible\":[\"0\"]}','0',NULL,'2018-08-08 23:14:25'),(103,'èœå•ç®¡ç†','2','com.ruoyi.project.system.menu.controller.MenuController.editSave()','1','admin','ç ”å‘ä¸€éƒ¨','/system/menu/edit','127.0.0.1','XX å†…ç½‘IP','{\"menuId\":[\"2\"],\"parentId\":[\"0\"],\"menuType\":[\"M\"],\"menuName\":[\"ç³»ç»Ÿç›‘æ§\"],\"url\":[\"#\"],\"perms\":[\"\"],\"orderNum\":[\"2\"],\"icon\":[\"fa fa-video-camera\"],\"visible\":[\"1\"]}','0',NULL,'2018-08-08 23:14:38'),(104,'èœå•ç®¡ç†','2','com.ruoyi.project.system.menu.controller.MenuController.editSave()','1','admin','ç ”å‘ä¸€éƒ¨','/system/menu/edit','127.0.0.1','XX å†…ç½‘IP','{\"menuId\":[\"2\"],\"parentId\":[\"0\"],\"menuType\":[\"M\"],\"menuName\":[\"ç³»ç»Ÿç›‘æ§\"],\"url\":[\"#\"],\"perms\":[\"\"],\"orderNum\":[\"2\"],\"icon\":[\"fa fa-video-camera\"],\"visible\":[\"0\"]}','0',NULL,'2018-08-08 23:14:56'),(105,'èœå•ç®¡ç†','2','com.ruoyi.project.system.menu.controller.MenuController.editSave()','1','admin','ç ”å‘ä¸€éƒ¨','/system/menu/edit','127.0.0.1','XX å†…ç½‘IP','{\"menuId\":[\"100\"],\"parentId\":[\"1\"],\"menuType\":[\"F\"],\"menuName\":[\"ç”¨æˆ·ç®¡ç†\"],\"url\":[\"/system/user\"],\"perms\":[\"system:user:view\"],\"orderNum\":[\"1\"],\"icon\":[\"#\"],\"visible\":[\"0\"]}','0',NULL,'2018-08-08 23:16:29'),(106,'èœå•ç®¡ç†','2','com.ruoyi.project.system.menu.controller.MenuController.editSave()','1','admin','ç ”å‘ä¸€éƒ¨','/system/menu/edit','127.0.0.1','XX å†…ç½‘IP','{\"menuId\":[\"100\"],\"parentId\":[\"1\"],\"menuType\":[\"C\"],\"menuName\":[\"ç”¨æˆ·ç®¡ç†\"],\"url\":[\"/system/user\"],\"perms\":[\"system:user:view\"],\"orderNum\":[\"1\"],\"icon\":[\"#\"],\"visible\":[\"0\"]}','0',NULL,'2018-08-08 23:17:08'),(107,'ç”¨æˆ·ç®¡ç†','1','com.ruoyi.project.system.user.controller.UserController.addSave()','1','admin','ç ”å‘ä¸€éƒ¨','/system/user/add','127.0.0.1','XX å†…ç½‘IP','{\"deptId\":[\"100\"],\"loginName\":[\"rimon\"],\"userName\":[\"rimon\"],\"password\":[\"123456\"],\"email\":[\"rimon@lakey.com\"],\"phonenumber\":[\"18210365570\"],\"sex\":[\"0\"],\"status\":[\"0\"],\"roleIds\":[\"1\"],\"postIds\":[\"1\"]}','0',NULL,'2018-08-09 00:44:09'),(108,'å­—å…¸ç±»å‹','5','com.ruoyi.project.system.dict.controller.DictTypeController.export()','1','rimon','è‹¥ä¾é›†å›¢','/system/dict/export','127.0.0.1','XX å†…ç½‘IP','{\"dictName\":[\"\"],\"dictType\":[\"\"],\"status\":[\"\"],\"params[beginTime]\":[\"\"],\"params[endTime]\":[\"\"]}','0',NULL,'2018-08-09 11:06:37'),(109,'ä¸ªäººä¿¡æ¯','2','com.ruoyi.project.system.user.controller.ProfileController.updateAvatar()','1','rimon','è‹¥ä¾é›†å›¢','/system/user/profile/updateAvatar','127.0.0.1','XX å†…ç½‘IP','{\"userId\":[\"100\"]}','0',NULL,'2018-08-09 11:11:52'),(110,'ç”¨æˆ·ç®¡ç†','2','com.ruoyi.project.system.user.controller.UserController.editSave()','1','rimon','è‹¥ä¾é›†å›¢','/system/user/edit','127.0.0.1','XX å†…ç½‘IP','{\"userId\":[\"2\"],\"deptId\":[\"108\"],\"userName\":[\"è‹¥ä¾\"],\"email\":[\"xiangxiang@lakey.com\"],\"phonenumber\":[\"18060435066\"],\"sex\":[\"1\"],\"status\":[\"0\"],\"roleIds\":[\"2\"],\"postIds\":[\"4\"]}','0',NULL,'2018-08-09 11:21:31'),(111,'é‡ç½®å¯†ç ','2','com.ruoyi.project.system.user.controller.UserController.resetPwd()','1','rimon','è‹¥ä¾é›†å›¢','/system/user/resetPwd/2','127.0.0.1','XX å†…ç½‘IP','{}','0',NULL,'2018-08-09 11:23:38'),(112,'é‡ç½®å¯†ç ','2','com.ruoyi.project.system.user.controller.UserController.resetPwd()','1','rimon','è‹¥ä¾é›†å›¢','/system/user/resetPwd','127.0.0.1','XX å†…ç½‘IP','{\"userId\":[\"2\"],\"loginName\":[\"xx\"],\"password\":[\"123456\"]}','0',NULL,'2018-08-09 11:23:43'),(113,'å‚æ•°ç®¡ç†','2','com.ruoyi.project.system.config.controller.ConfigController.editSave()','1','admin','ç ”å‘ä¸€éƒ¨','/system/config/edit','127.0.0.1','XX å†…ç½‘IP','{\"configId\":[\"1\"],\"configName\":[\"ä¸»æ¡†æ¶é¡µ-é»˜è®¤çš®è‚¤æ ·å¼åç§°\"],\"configKey\":[\"sys.index.skinName\"],\"configValue\":[\"skin-blue\"],\"configType\":[\"Y\"],\"remark\":[\"é»˜è®¤ skin-defaultã€è“è‰² skin-blueã€é»„è‰² skin-yellow\"]}','0',NULL,'2018-08-09 11:40:16'),(114,'å‚æ•°ç®¡ç†','2','com.ruoyi.project.system.config.controller.ConfigController.editSave()','1','admin','ç ”å‘ä¸€éƒ¨','/system/config/edit','127.0.0.1','XX å†…ç½‘IP','{\"configId\":[\"1\"],\"configName\":[\"ä¸»æ¡†æ¶é¡µ-é»˜è®¤çš®è‚¤æ ·å¼åç§°\"],\"configKey\":[\"sys.index.skinName\"],\"configValue\":[\"skin-default\"],\"configType\":[\"Y\"],\"remark\":[\"é»˜è®¤ skin-defaultã€è“è‰² skin-blueã€é»„è‰² skin-yellow\"]}','0',NULL,'2018-08-09 11:40:37'),(115,'å²—ä½ç®¡ç†','2','com.ruoyi.project.system.post.controller.PostController.editSave()','1','admin','ç ”å‘ä¸€éƒ¨','/system/post/edit','127.0.0.1','XX å†…ç½‘IP','{\"postId\":[\"3\"],\"postName\":[\"äººåŠ›èµ„æº\"],\"postCode\":[\"hr\"],\"postSort\":[\"3\"],\"status\":[\"1\"],\"remark\":[\"\"]}','0',NULL,'2018-08-09 14:13:37');

/*Table structure for table `sys_post` */

DROP TABLE IF EXISTS `sys_post`;

CREATE TABLE `sys_post` (
  `post_id` int(11) NOT NULL AUTO_INCREMENT COMMENT 'å²—ä½ID',
  `post_code` varchar(64) NOT NULL COMMENT 'å²—ä½ç¼–ç ',
  `post_name` varchar(50) NOT NULL COMMENT 'å²—ä½åç§°',
  `post_sort` int(4) NOT NULL COMMENT 'æ˜¾ç¤ºé¡ºåº',
  `status` char(1) NOT NULL COMMENT 'çŠ¶æ€ï¼ˆ0æ­£å¸¸ 1åœç”¨ï¼‰',
  `create_by` varchar(64) DEFAULT '' COMMENT 'åˆ›å»ºè€…',
  `create_time` datetime DEFAULT NULL COMMENT 'åˆ›å»ºæ—¶é—´',
  `update_by` varchar(64) DEFAULT '' COMMENT 'æ›´æ–°è€…',
  `update_time` datetime DEFAULT NULL COMMENT 'æ›´æ–°æ—¶é—´',
  `remark` varchar(500) DEFAULT '' COMMENT 'å¤‡æ³¨',
  PRIMARY KEY (`post_id`)
) ENGINE=InnoDB AUTO_INCREMENT=5 DEFAULT CHARSET=utf8 COMMENT='å²—ä½ä¿¡æ¯è¡¨';

/*Data for the table `sys_post` */

insert  into `sys_post`(`post_id`,`post_code`,`post_name`,`post_sort`,`status`,`create_by`,`create_time`,`update_by`,`update_time`,`remark`) values (1,'ceo','è‘£äº‹é•¿',1,'0','admin','2018-03-16 11:33:00','ry','2018-03-16 11:33:00',''),(2,'se','é¡¹ç›®ç»ç†',2,'0','admin','2018-03-16 11:33:00','ry','2018-03-16 11:33:00',''),(3,'hr','äººåŠ›èµ„æº',3,'1','admin','2018-03-16 11:33:00','admin','2018-08-09 14:13:37',''),(4,'user','æ™®é€šå‘˜å·¥',4,'0','admin','2018-03-16 11:33:00','ry','2018-03-16 11:33:00','');

/*Table structure for table `sys_role` */

DROP TABLE IF EXISTS `sys_role`;

CREATE TABLE `sys_role` (
  `role_id` int(11) NOT NULL AUTO_INCREMENT COMMENT 'è§’è‰²ID',
  `role_name` varchar(30) NOT NULL COMMENT 'è§’è‰²åç§°',
  `role_key` varchar(100) NOT NULL COMMENT 'è§’è‰²æƒé™å­—ç¬¦ä¸²',
  `role_sort` int(4) NOT NULL COMMENT 'æ˜¾ç¤ºé¡ºåº',
  `status` char(1) NOT NULL COMMENT 'è§’è‰²çŠ¶æ€ï¼ˆ0æ­£å¸¸ 1åœç”¨ï¼‰',
  `create_by` varchar(64) DEFAULT '' COMMENT 'åˆ›å»ºè€…',
  `create_time` datetime DEFAULT NULL COMMENT 'åˆ›å»ºæ—¶é—´',
  `update_by` varchar(64) DEFAULT '' COMMENT 'æ›´æ–°è€…',
  `update_time` datetime DEFAULT NULL COMMENT 'æ›´æ–°æ—¶é—´',
  `remark` varchar(500) DEFAULT '' COMMENT 'å¤‡æ³¨',
  PRIMARY KEY (`role_id`)
) ENGINE=InnoDB AUTO_INCREMENT=3 DEFAULT CHARSET=utf8 COMMENT='è§’è‰²ä¿¡æ¯è¡¨';

/*Data for the table `sys_role` */

insert  into `sys_role`(`role_id`,`role_name`,`role_key`,`role_sort`,`status`,`create_by`,`create_time`,`update_by`,`update_time`,`remark`) values (1,'ç®¡ç†å‘˜','admin',1,'0','admin','2018-03-16 11:33:00','ry','2018-03-16 11:33:00','ç®¡ç†å‘˜'),(2,'æ™®é€šè§’è‰²','common',2,'0','admin','2018-03-16 11:33:00','ry','2018-03-16 11:33:00','æ™®é€šè§’è‰²');

/*Table structure for table `sys_role_menu` */

DROP TABLE IF EXISTS `sys_role_menu`;

CREATE TABLE `sys_role_menu` (
  `role_id` int(11) NOT NULL COMMENT 'è§’è‰²ID',
  `menu_id` int(11) NOT NULL COMMENT 'èœå•ID',
  PRIMARY KEY (`role_id`,`menu_id`)
) ENGINE=InnoDB DEFAULT CHARSET=utf8 COMMENT='è§’è‰²å’Œèœå•å…³è”è¡¨';

/*Data for the table `sys_role_menu` */

insert  into `sys_role_menu`(`role_id`,`menu_id`) values (1,1),(1,2),(1,3),(1,100),(1,101),(1,102),(1,103),(1,104),(1,105),(1,106),(1,107),(1,108),(1,109),(1,110),(1,111),(1,112),(1,113),(1,114),(1,500),(1,501),(1,1000),(1,1001),(1,1002),(1,1003),(1,1004),(1,1005),(1,1006),(1,1007),(1,1008),(1,1009),(1,1010),(1,1011),(1,1012),(1,1013),(1,1014),(1,1015),(1,1016),(1,1017),(1,1018),(1,1019),(1,1020),(1,1021),(1,1022),(1,1023),(1,1024),(1,1025),(1,1026),(1,1027),(1,1028),(1,1029),(1,1030),(1,1031),(1,1032),(1,1033),(1,1034),(1,1035),(1,1036),(1,1037),(1,1038),(1,1039),(1,1040),(1,1041),(1,1042),(1,1043),(1,1044),(1,1045),(1,1046),(1,1047),(1,1048),(1,1049),(1,1050),(1,1051),(1,1052),(1,1053),(1,1054),(1,1055);

/*Table structure for table `sys_user` */

DROP TABLE IF EXISTS `sys_user`;

CREATE TABLE `sys_user` (
  `user_id` int(11) NOT NULL AUTO_INCREMENT COMMENT 'ç”¨æˆ·ID',
  `dept_id` int(11) DEFAULT NULL COMMENT 'éƒ¨é—¨ID',
  `login_name` varchar(30) NOT NULL COMMENT 'ç™»å½•è´¦å·',
  `user_name` varchar(30) NOT NULL COMMENT 'ç”¨æˆ·æ˜µç§°',
  `user_type` varchar(2) DEFAULT '00' COMMENT 'ç”¨æˆ·ç±»å‹ï¼ˆ00ç³»ç»Ÿç”¨æˆ·ï¼‰',
  `email` varchar(50) DEFAULT '' COMMENT 'ç”¨æˆ·é‚®ç®±',
  `phonenumber` varchar(11) DEFAULT '' COMMENT 'æ‰‹æœºå·ç ',
  `sex` char(1) DEFAULT '0' COMMENT 'ç”¨æˆ·æ€§åˆ«ï¼ˆ0ç”· 1å¥³ 2æœªçŸ¥ï¼‰',
  `avatar` varchar(100) DEFAULT '' COMMENT 'å¤´åƒè·¯å¾„',
  `password` varchar(50) DEFAULT '' COMMENT 'å¯†ç ',
  `salt` varchar(20) DEFAULT '' COMMENT 'ç›åŠ å¯†',
  `status` char(1) DEFAULT '0' COMMENT 'å¸å·çŠ¶æ€ï¼ˆ0æ­£å¸¸ 1åœç”¨ï¼‰',
  `del_flag` char(1) DEFAULT '0' COMMENT 'åˆ é™¤æ ‡å¿—ï¼ˆ0ä»£è¡¨å­˜åœ¨ 2ä»£è¡¨åˆ é™¤ï¼‰',
  `login_ip` varchar(20) DEFAULT '' COMMENT 'æœ€åç™»é™†IP',
  `login_date` datetime DEFAULT NULL COMMENT 'æœ€åç™»é™†æ—¶é—´',
  `create_by` varchar(64) DEFAULT '' COMMENT 'åˆ›å»ºè€…',
  `create_time` datetime DEFAULT NULL COMMENT 'åˆ›å»ºæ—¶é—´',
  `update_by` varchar(64) DEFAULT '' COMMENT 'æ›´æ–°è€…',
  `update_time` datetime DEFAULT NULL COMMENT 'æ›´æ–°æ—¶é—´',
  `remark` varchar(500) DEFAULT '' COMMENT 'å¤‡æ³¨',
  PRIMARY KEY (`user_id`)
) ENGINE=InnoDB AUTO_INCREMENT=101 DEFAULT CHARSET=utf8 COMMENT='ç”¨æˆ·ä¿¡æ¯è¡¨';

/*Data for the table `sys_user` */

insert  into `sys_user`(`user_id`,`dept_id`,`login_name`,`user_name`,`user_type`,`email`,`phonenumber`,`sex`,`avatar`,`password`,`salt`,`status`,`del_flag`,`login_ip`,`login_date`,`create_by`,`create_time`,`update_by`,`update_time`,`remark`) values (1,106,'admin','ADMIN','00','admin@lakey.com','18232189825','1','2bb95b932d06740ab0f8ac086d68ae25.jpg','29c67a30398638269fe600f73a054934','111111','0','0','127.0.0.1','2018-08-09 14:21:54','admin','2018-03-16 11:33:00','ry','2018-08-09 14:21:53','ç®¡ç†å‘˜'),(2,108,'xx','é¦™é¦™','00','xiangxiang@lakey.com','18060435066','1','','b3c5cdb8d536f4830b1a346574b8f787','4aca85','0','0','127.0.0.1','2018-08-09 11:28:33','admin','2018-03-16 11:33:00','rimon','2018-08-09 11:28:32','æµ‹è¯•å‘˜'),(100,100,'rimon','rimon','00','rimon@lakey.com','18210365570','0','1f473c39aa2fe69fbc8b09fb50ef0480.jpg','930b8a4865d2a78164ee0a6f1b0b1b67','ed1419','0','0','127.0.0.1','2018-08-09 10:00:39','admin','2018-08-09 00:44:09','','2018-08-09 11:11:51','');

/*Table structure for table `sys_user_online` */

DROP TABLE IF EXISTS `sys_user_online`;

CREATE TABLE `sys_user_online` (
  `sessionId` varchar(50) NOT NULL DEFAULT '' COMMENT 'ç”¨æˆ·ä¼šè¯id',
  `login_name` varchar(50) DEFAULT '' COMMENT 'ç™»å½•è´¦å·',
  `dept_name` varchar(50) DEFAULT '' COMMENT 'éƒ¨é—¨åç§°',
  `ipaddr` varchar(50) DEFAULT '' COMMENT 'ç™»å½•IPåœ°å€',
  `login_location` varchar(255) DEFAULT '' COMMENT 'ç™»å½•åœ°ç‚¹',
  `browser` varchar(50) DEFAULT '' COMMENT 'æµè§ˆå™¨ç±»å‹',
  `os` varchar(50) DEFAULT '' COMMENT 'æ“ä½œç³»ç»Ÿ',
  `status` varchar(10) DEFAULT '' COMMENT 'åœ¨çº¿çŠ¶æ€on_lineåœ¨çº¿off_lineç¦»çº¿',
  `start_timestsamp` datetime DEFAULT NULL COMMENT 'sessionåˆ›å»ºæ—¶é—´',
  `last_access_time` datetime DEFAULT NULL COMMENT 'sessionæœ€åè®¿é—®æ—¶é—´',
  `expire_time` int(5) DEFAULT '0' COMMENT 'è¶…æ—¶æ—¶é—´ï¼Œå•ä½ä¸ºåˆ†é’Ÿ',
  PRIMARY KEY (`sessionId`)
) ENGINE=InnoDB DEFAULT CHARSET=utf8 COMMENT='åœ¨çº¿ç”¨æˆ·è®°å½•';

/*Data for the table `sys_user_online` */

insert  into `sys_user_online`(`sessionId`,`login_name`,`dept_name`,`ipaddr`,`login_location`,`browser`,`os`,`status`,`start_timestsamp`,`last_access_time`,`expire_time`) values ('127f4072-1aca-4879-8245-202edaf8c51a','admin','ç ”å‘ä¸€éƒ¨','127.0.0.1','XX å†…ç½‘IP','Chrome 49','Windows 7','on_line','2018-08-09 14:06:53','2018-08-09 14:06:53',1800000),('8937d122-687f-4602-82b7-d99808cf27d2','admin','ç ”å‘ä¸€éƒ¨','127.0.0.1','XX å†…ç½‘IP','Chrome 49','Windows 7','on_line','2018-08-09 14:06:53','2018-08-09 14:06:53',1800000),('ccb8a856-a851-4f1c-88c8-a5820c914a2c','admin','ç ”å‘ä¸€éƒ¨','127.0.0.1','XX å†…ç½‘IP','Chrome 49','Windows 7','on_line','2018-08-09 14:21:37','2018-08-09 14:21:54',1800000);

/*Table structure for table `sys_user_post` */

DROP TABLE IF EXISTS `sys_user_post`;

CREATE TABLE `sys_user_post` (
  `user_id` varchar(64) NOT NULL COMMENT 'ç”¨æˆ·ID',
  `post_id` varchar(64) NOT NULL COMMENT 'å²—ä½ID',
  PRIMARY KEY (`user_id`,`post_id`)
) ENGINE=InnoDB DEFAULT CHARSET=utf8 COMMENT='ç”¨æˆ·ä¸å²—ä½å…³è”è¡¨';

/*Data for the table `sys_user_post` */

insert  into `sys_user_post`(`user_id`,`post_id`) values ('1','1'),('100','1'),('2','4');

/*Table structure for table `sys_user_role` */

DROP TABLE IF EXISTS `sys_user_role`;

CREATE TABLE `sys_user_role` (
  `user_id` int(11) NOT NULL COMMENT 'ç”¨æˆ·ID',
  `role_id` int(11) NOT NULL COMMENT 'è§’è‰²ID',
  PRIMARY KEY (`user_id`,`role_id`)
) ENGINE=InnoDB DEFAULT CHARSET=utf8 COMMENT='ç”¨æˆ·å’Œè§’è‰²å…³è”è¡¨';

/*Data for the table `sys_user_role` */

insert  into `sys_user_role`(`user_id`,`role_id`) values (1,1),(2,2),(100,1);

/*!40101 SET SQL_MODE=@OLD_SQL_MODE */;
/*!40014 SET FOREIGN_KEY_CHECKS=@OLD_FOREIGN_KEY_CHECKS */;
/*!40014 SET UNIQUE_CHECKS=@OLD_UNIQUE_CHECKS */;
/*!40111 SET SQL_NOTES=@OLD_SQL_NOTES */;
